date,Adj Close,close,high,low,open,volume,daily_return,ma_7,high_52w,low_52w,volatility_14d
2024-04-01,715.67138671875,735.25,736.9000244140625,727.7999877929688,729.0,25199570,0.008573388203017833,735.25,736.9000244140625,727.7999877929688,0.0
2024-04-02,720.3678588867188,740.0750122070312,747.4249877929688,731.625,732.5750122070312,41225446,0.010237859434223295,737.6625061035156,747.4249877929688,727.7999877929688,0.0011769588946753038
2024-04-03,721.414306640625,741.1500244140625,747.8250122070312,735.7000122070312,736.0499877929688,45584386,0.006928926982780216,738.8250122070312,747.8250122070312,727.7999877929688,0.0016544763095205843
2024-04-04,743.461181640625,763.7999877929688,765.0,752.0,752.0,88935066,0.015691473128947805,745.0687561035156,765.0,727.7999877929688,0.00380367148796554
2024-04-05,754.1439208984375,774.7750244140625,777.25,765.0750122070312,769.5,59055902,0.006855132441926576,751.010009765625,777.25,727.7999877929688,0.0036475787078324062
2024-04-08,752.7081909179688,773.2999877929688,778.625,770.7750244140625,777.4749755859375,20482940,-0.005369932054497709,754.7250061035156,778.625,727.7999877929688,0.006948411970653231
2024-04-09,753.6572265625,774.2750244140625,777.4249877929688,770.1500244140625,777.4249877929688,21884494,-0.004051790755849872,757.5178658621652,778.625,727.7999877929688,0.0076268217413490704
2024-04-10,747.7196655273438,768.1749877929688,774.9500122070312,766.4749755859375,774.9500122070312,27807400,-0.008742530882433902,762.221435546875,778.625,727.7999877929688,0.00868336792347325
2024-04-12,739.2512817382812,759.4749755859375,764.9249877929688,756.7249755859375,760.5,41084208,-0.0013478296042899408,764.9928588867188,778.625,727.7999877929688,0.00829943889799694
2024-04-15,727.4490966796875,747.3499755859375,755.0,746.0250244140625,748.7750244140625,23415248,-0.0019031735590274805,765.8785661969866,778.625,727.7999877929688,0.007989283185717233
2024-04-16,734.5304565429688,754.625,756.4500122070312,741.125,743.5,20744886,0.01496301277740417,764.567853655134,778.625,727.7999877929688,0.008434778346348865
2024-04-18,727.4490966796875,747.3499755859375,759.4249877929688,745.5250244140625,754.9000244140625,34234884,-0.010001389036892917,760.6499895368304,778.625,727.7999877929688,0.008975418207585866
2024-04-19,745.2619018554688,765.6500244140625,767.4749755859375,740.125,743.2750244140625,34576434,0.030103258235588674,759.5571376255581,778.625,727.7999877929688,0.011480800480857294
2024-04-22,735.9661254882812,756.0999755859375,778.7000122070312,754.1500244140625,778.7000122070312,42298438,-0.02902277676487968,756.9607020786831,778.7000122070312,727.7999877929688,0.014255184976219117
2024-04-23,733.7273559570312,753.7999877929688,763.25,751.625,763.1500244140625,26827060,-0.012251898476020618,754.9071306501116,778.7000122070312,727.7999877929688,0.01463736332568653
2024-04-24,735.7228393554688,755.8499755859375,760.875,754.5250244140625,757.5,22441580,-0.002178250051567657,754.3892735072544,778.7000122070312,727.7999877929688,0.014399899346354614
2024-04-25,735.260498046875,755.375,759.8499755859375,753.125,753.125,35445204,0.002987551867219917,755.5357055664062,778.7000122070312,727.7999877929688,0.01429164252550745
2024-04-26,734.7981567382812,754.9000244140625,764.0,752.7750244140625,759.9000244140625,24854694,-0.0065798129219108254,755.5749947684152,778.7000122070312,727.7999877929688,0.013596727978525841
2024-04-29,744.3858642578125,764.75,767.2249755859375,753.2750244140625,757.5,36093350,0.00957095709570957,758.0607125418527,778.7000122070312,727.7999877929688,0.013749695708228274
2024-04-30,739.8109741210938,760.0499877929688,769.75,757.4500122070312,764.5999755859375,52307382,-0.005950808185001508,757.2607073102679,778.7000122070312,727.7999877929688,0.013762486757930938
2024-05-02,745.7241821289062,766.125,768.5,760.1749877929688,761.0,33475006,0.006734559789750329,758.692853655134,778.7000122070312,727.7999877929688,0.01392427881900831
2024-05-03,739.567626953125,759.7999877929688,770.2999877929688,753.5999755859375,766.625,31865242,-0.008902673676218817,759.5499965122768,778.7000122070312,727.7999877929688,0.013931216680230164
2024-05-06,741.0520629882812,761.3250122070312,767.25,758.5750122070312,761.0,28793396,0.0004270856859806176,760.3321446010044,778.7000122070312,727.7999877929688,0.013935728773783893
2024-05-07,733.021728515625,753.0750122070312,762.0250244140625,752.0750122070312,760.9749755859375,28480602,-0.010381370784004317,760.0035749162946,778.7000122070312,727.7999877929688,0.014166960915419474
2024-05-08,721.5845947265625,741.3250122070312,748.4749755859375,740.1749877929688,747.9749755859375,41687862,-0.008890622809535708,758.0642874581473,778.7000122070312,727.7999877929688,0.013456046366208623
2024-05-09,704.4776000976562,723.75,743.375,722.6500244140625,737.4749755859375,46281278,-0.01861076787728662,752.2071446010044,778.7000122070312,722.6500244140625,0.013978985113275161
2024-05-10,709.361572265625,718.9500122070312,725.9749755859375,713.4000244140625,719.5,27276608,-0.0007644027699357192,746.3357195172991,778.7000122070312,713.4000244140625,0.010126903144024037
2024-05-13,717.9208984375,727.625,729.9000244140625,715.1500244140625,716.0,27047202,0.01623603351955307,740.8357195172991,778.7000122070312,713.4000244140625,0.009405718877922244
2024-05-14,720.7328491210938,730.4749755859375,732.75,725.1500244140625,726.125,25665142,0.005990670457479773,736.6464320591518,778.7000122070312,713.4000244140625,0.009251038933561202
2024-05-15,709.6575927734375,719.25,729.8499755859375,717.9000244140625,729.8499755859375,38931996,-0.014523499267678453,730.6357160295759,778.7000122070312,713.4000244140625,0.009891882563508769
2024-05-16,720.3875122070312,730.125,731.2750244140625,717.75,723.0250244140625,34945236,0.009819819987131566,727.3571428571429,778.7000122070312,713.4000244140625,0.010333236627214453
2024-05-17,722.286865234375,732.0499877929688,734.0,723.0999755859375,723.0999755859375,20920190,0.012377281854807057,726.0321393694196,778.7000122070312,713.4000244140625,0.010891975140936289
2024-05-21,719.6721801757812,729.4000244140625,734.8499755859375,725.0499877929688,725.0499877929688,43769978,0.005999636844812778,726.8392857142857,778.7000122070312,713.4000244140625,0.010677921686447505
2024-05-22,719.8695068359375,729.5999755859375,732.7999877929688,724.0750122070312,728.9249877929688,39996278,0.0009260044644819638,728.3607090541294,778.7000122070312,713.4000244140625,0.01057775957214172
2024-05-23,736.3468017578125,746.2999877929688,747.8250122070312,728.5250244140625,729.3250122070312,40861920,0.023274912147286764,731.028564453125,778.7000122070312,713.4000244140625,0.012215374302252894
2024-05-24,748.4827880859375,758.5999755859375,759.9500122070312,743.0,743.75,31060206,0.019966353728991595,735.0464215959821,778.7000122070312,713.4000244140625,0.012848656947857385
2024-05-27,753.6627807617188,763.8499755859375,772.5,759.5250244140625,761.6749877929688,29385440,0.0028555326455854874,741.4178466796875,778.7000122070312,713.4000244140625,0.01282778410289226
2024-05-28,755.0440673828125,765.25,768.0250244140625,762.4000244140625,765.0499877929688,27908904,0.0002614367822006627,746.4357038225446,778.7000122070312,713.4000244140625,0.01226647953916798
2024-05-29,744.0921630859375,754.1500244140625,761.9249877929688,750.625,759.0,35147706,-0.006389954658679183,749.5928519112723,778.7000122070312,713.4000244140625,0.01208236951574701
2024-05-30,747.3234252929688,757.4249877929688,761.7999877929688,748.8250122070312,749.5999755859375,33755350,0.010438917371781792,753.596418108259,778.7000122070312,713.4000244140625,0.010235059855968552
2024-05-31,755.5620727539062,765.7750244140625,768.0,757.0,759.5,74079588,0.008262046628127058,758.7642822265625,778.7000122070312,713.4000244140625,0.010046776622061908
2024-06-03,775.615966796875,786.0999755859375,799.5,775.0,799.5,72637256,-0.016760505833724203,764.4499947684152,799.5,713.4000244140625,0.011441729119555648
2024-06-04,731.6848754882812,741.5750122070312,779.5,727.0,778.5,89531240,-0.04743094128833494,762.0178571428571,799.5,713.4000244140625,0.01795035428732587
2024-06-05,765.5520629882812,775.9000244140625,779.7999877929688,741.1749877929688,747.0250244140625,81631650,0.03865332359200206,763.7392926897321,799.5,713.4000244140625,0.02000193430786016
2024-06-06,769.4493408203125,779.8499755859375,782.7249755859375,773.2999877929688,782.4500122070312,46422870,-0.0033229427829643858,765.8250034877232,799.5,713.4000244140625,0.020038741179444756
2024-06-07,776.1832885742188,786.6749877929688,792.1749877929688,776.0250244140625,780.5250244140625,36712216,0.007879264836541285,770.4714268275669,799.5,713.4000244140625,0.019921312493361275
2024-06-10,770.23876953125,780.6500244140625,790.3250122070312,778.7999877929688,787.0,22454058,-0.008068583971966328,773.789289202009,799.5,713.4000244140625,0.020122305993536517
2024-06-11,771.9653930664062,782.4000244140625,785.5,776.0999755859375,778.0,29545326,0.005655558372830977,776.164289202009,799.5,713.4000244140625,0.020139295724550112
2024-06-12,776.5780029296875,787.0750122070312,794.1500244140625,783.2000122070312,787.5,39280436,-0.0005396670386904761,776.3035801478794,799.5,713.4000244140625,0.01923688889666259
2024-06-13,779.8340454101562,790.375,792.8499755859375,787.0,790.875,24120192,-0.000632211158526948,783.2750069754464,799.5,713.4000244140625,0.01843056021857281
2024-06-14,787.8013305664062,798.4500122070312,799.5,788.8499755859375,792.0,25540554,0.008143954806857638,786.4964338030134,799.5,713.4000244140625,0.01856172367867692
2024-06-18,793.1785888671875,803.9000244140625,805.25,794.7249755859375,798.4500122070312,32415714,0.006825740025936788,789.9321550641741,805.25,713.4000244140625,0.018658971412520067
2024-06-19,817.869873046875,828.9249877929688,834.9500122070312,802.0,806.7000122070312,90131196,0.02755048376054033,795.9678693498884,834.9500122070312,713.4000244140625,0.01990129460183558
2024-06-20,823.5431518554688,834.6749877929688,840.7249755859375,826.0,834.9000244140625,41408742,-0.0002695372074658663,803.6857212611607,840.7249755859375,713.4000244140625,0.019783022858095734
2024-06-21,821.7672119140625,832.875,836.4249877929688,821.5750122070312,836.4249877929688,51630776,-0.004244239285982977,810.8964320591518,840.7249755859375,713.4000244140625,0.019753713450581297
2024-06-24,825.0478515625,836.2000122070312,837.5499877929688,822.875,823.5,28544994,0.015421994179758652,817.914289202009,840.7249755859375,713.4000244140625,0.019402367731587558
2024-06-25,844.2631225585938,855.6749877929688,858.4749755859375,835.5499877929688,835.5499877929688,74521548,0.024085931774301624,827.2428588867188,858.4749755859375,713.4000244140625,0.013567129595034222
2024-06-26,839.40380859375,850.75,855.4500122070312,845.5499877929688,853.9749755859375,47596666,-0.0037764286754711387,834.7142857142857,858.4749755859375,713.4000244140625,0.010721966358391607
2024-06-27,836.7644653320312,848.0750122070312,856.5,843.2999877929688,848.0499877929688,55074650,2.9508182799018113e-05,841.0249982561384,858.4749755859375,713.4000244140625,0.010549748636083437
2024-06-28,830.671875,841.9000244140625,853.2999877929688,839.5,848.7999877929688,26476046,-0.00812908044078486,842.8785749162946,858.4749755859375,713.4000244140625,0.011132343230773048
2024-07-01,841.2290649414062,852.5999755859375,853.6500244140625,840.0,840.0,21187024,0.014999970935639881,845.4392874581473,858.4749755859375,713.4000244140625,0.010843169034098717
2024-07-02,853.7597045898438,865.2999877929688,867.4500122070312,851.375,857.5,45921690,0.009096195676931486,850.0714285714286,867.4500122070312,713.4000244140625,0.010871758877201536
2024-07-03,872.531005859375,884.3250122070312,897.0,882.3250122070312,895.5,123217802,-0.01247904834502373,856.9464285714286,897.0,713.4000244140625,0.011873839613226987
2024-07-04,852.0578002929688,863.5750122070312,879.875,862.4249877929688,879.875,45848658,-0.018525344842129563,858.0750034877232,897.0,713.4000244140625,0.013441114039403618
2024-07-05,813.0598754882812,824.0499877929688,842.5,821.0999755859375,842.5,82242548,-0.02189912428134273,854.2607160295759,897.0,713.4000244140625,0.015062600511071018
2024-07-08,806.7698974609375,817.6749877929688,827.4749755859375,813.5750122070312,822.6500244140625,39087800,-0.00604757366249062,849.9178553989956,897.0,713.4000244140625,0.015141301087150592
2024-07-09,807.3372192382812,818.25,823.3499755859375,810.1749877929688,812.5,48550878,0.007076923076923077,846.5392804827009,897.0,713.4000244140625,0.01326572226212516
2024-07-10,802.20654296875,813.0499877929688,820.0,810.375,814.9749755859375,45507182,-0.0023620207376119167,840.8892822265625,897.0,713.4000244140625,0.013276737386291669
2024-07-11,800.1346435546875,810.9500122070312,812.9249877929688,800.5,811.9749755859375,44177074,-0.0012623090732157302,833.125,897.0,713.4000244140625,0.013235598768632948
2024-07-12,800.5292358398438,811.3499755859375,819.2000122070312,805.5750122070312,811.0,56049960,0.0004315358642879162,822.6999947684152,897.0,713.4000244140625,0.012451681998077892
2024-07-15,800.2332763671875,811.0499877929688,814.9000244140625,807.5999755859375,811.75,33375694,-0.0008623495005004619,815.1964198521206,897.0,713.4000244140625,0.010095184393540593
2024-07-16,799.0739135742188,809.875,813.5,808.4000244140625,810.375,28950324,-0.0006169983032546661,813.1714215959821,897.0,713.4000244140625,0.010114726495286254
2024-07-18,796.6320190429688,807.4000244140625,811.9749755859375,799.5750122070312,804.0,33717064,0.004228886087142413,811.7035696847098,897.0,713.4000244140625,0.010269256592772445
2024-07-19,792.9319458007812,803.6500244140625,811.5,801.75,808.0,26002152,-0.005383633150912747,809.6178588867188,897.0,713.4000244140625,0.010181314771328597
2024-07-22,810.3218994140625,821.2750244140625,825.5,806.3250122070312,808.5,53744822,0.015800895997603585,810.7928641183036,897.0,713.4000244140625,0.01028829649563122
2024-07-23,798.407958984375,809.2000122070312,823.9000244140625,802.5,823.7750244140625,52002152,-0.01769295229288872,810.5428641183036,897.0,713.4000244140625,0.010486381575847538
2024-07-24,791.3286743164062,802.0250244140625,810.5,794.0250244140625,804.0750122070312,61728206,-0.002549498195873452,809.2107282366071,897.0,713.4000244140625,0.010219884703565742
2024-07-25,797.5198974609375,808.2999877929688,812.5,796.5,796.5,25535732,0.014814799488975204,808.81787109375,897.0,713.4000244140625,0.010344944546914083
2024-07-26,798.2846069335938,809.0750122070312,810.875,798.2249755859375,802.5,43810540,0.008193161628699376,808.7035871233259,897.0,713.4000244140625,0.008701368332113851
2024-07-29,791.822021484375,802.5250244140625,815.9249877929688,799.1500244140625,807.5,51001148,-0.006160960477941176,808.0071585518973,897.0,713.4000244140625,0.008708465992535329
2024-07-30,797.0020141601562,807.7750244140625,817.375,799.5,801.0,54595834,0.008458207757880774,808.5964442661831,897.0,713.4000244140625,0.00879035095556942
2024-07-31,797.1006469726562,807.875,813.9500122070312,804.5999755859375,807.0,37820484,0.0010842627013630732,806.6821550641741,897.0,713.4000244140625,0.008734805053970705
2024-08-01,808.471923828125,819.4000244140625,825.0250244140625,808.9749755859375,811.4500122070312,26215174,0.009797291376468554,808.1392996651786,897.0,713.4000244140625,0.008979948667858333
2024-08-02,818.51123046875,829.5750122070312,835.25,815.5,815.5,44119238,0.01725936506073728,812.0750122070312,897.0,713.4000244140625,0.009824482845728903
2024-08-05,797.1006469726562,807.875,823.0,800.5,820.0499877929688,41333634,-0.014846641027013184,812.0142996651786,897.0,713.4000244140625,0.010930245340793567
2024-08-06,789.922607421875,800.5999755859375,816.4749755859375,796.6500244140625,815.0,45116050,-0.017668741612346626,810.8035801478794,897.0,713.4000244140625,0.012162489678570514
2024-08-07,800.9239501953125,811.75,815.0,801.0999755859375,808.5,42346264,0.004019789734075448,812.1214338030134,897.0,713.4000244140625,0.012158473398974605
2024-08-08,810.3958740234375,821.3499755859375,826.6500244140625,809.625,812.0,33976950,0.01151474825854372,814.0607125418527,897.0,713.4000244140625,0.012305301806603722
2024-08-09,814.0958862304688,825.0999755859375,831.2750244140625,822.9000244140625,826.0,26644618,-0.001089617934700363,816.5214233398438,897.0,713.4000244140625,0.011691147375440565
2024-08-12,818.9797973632812,830.0499877929688,837.9749755859375,823.6749877929688,826.0,39316196,0.0049031329212696735,818.0428466796875,897.0,713.4000244140625,0.0103869658797022
2024-08-13,790.9093017578125,801.5999755859375,816.2000122070312,800.5750122070312,814.0,54055042,-0.015233445226121007,814.0464128766741,897.0,713.4000244140625,0.011384839083101403
2024-08-14,793.1785888671875,803.9000244140625,806.8499755859375,801.5999755859375,803.25,32334428,0.0008092429680205416,813.4785592215402,897.0,713.4000244140625,0.010749831316668897
2024-08-16,805.1665649414062,816.0499877929688,817.0750122070312,805.5,814.25,27849246,0.0022106082812020263,815.6857038225446,897.0,713.4000244140625,0.010549892146291852
2024-08-19,804.895263671875,815.7750244140625,818.8250122070312,811.8499755859375,818.8250122070312,19502164,-0.0037248346685794607,816.2607073102679,897.0,713.4000244140625,0.010453692597551006
2024-08-20,807.92919921875,818.8499755859375,823.0,813.7249755859375,813.7249755859375,31134494,0.006298196754142455,815.903564453125,897.0,713.4000244140625,0.01034311718592643
2024-08-21,802.05859375,812.9000244140625,817.2750244140625,808.9000244140625,814.0499877929688,47630904,-0.001412644673116452,814.1607142857143,897.0,713.4000244140625,0.01035158099955641
2024-08-22,804.77197265625,815.6500244140625,819.1500244140625,814.0,816.0,21300638,-0.0004288916494332108,812.1035766601562,897.0,713.4000244140625,0.009976468860329962
2024-08-23,801.6885986328125,812.5250244140625,817.0,811.5,817.0,20333422,-0.005477326298577111,813.6642979213169,897.0,713.4000244140625,0.008616069206643208
2024-08-26,809.0392456054688,819.9749755859375,823.9749755859375,816.0999755859375,816.0999755859375,22364266,0.004748192765497703,815.9607195172991,897.0,713.4000244140625,0.007961953921257179
2024-08-27,807.9539184570312,818.875,823.7000122070312,816.0999755859375,821.7000122070312,35773244,-0.0034380092066001755,816.3642926897321,897.0,713.4000244140625,0.0063892082299493004
2024-08-28,807.6332397460938,818.5499877929688,819.875,815.0999755859375,818.875,26921188,-0.0003969008786826439,816.7607160295759,897.0,713.4000244140625,0.00629789470998133
2024-08-29,808.3485717773438,819.2750244140625,822.2000122070312,815.5750122070312,821.0,49052604,-0.002101066487134592,816.8214372907366,897.0,713.4000244140625,0.005355172742261896
2024-08-30,807.5346069335938,818.4500122070312,831.0,810.5750122070312,828.0,445342100,-0.011533801682329408,817.6142926897321,897.0,713.4000244140625,0.006047735989635759
2024-09-02,802.6258544921875,813.4749755859375,823.4000244140625,811.5999755859375,823.4000244140625,34049680,-0.012053738807194883,817.3035714285714,897.0,713.4000244140625,0.006301213013479161
2024-09-03,807.7565307617188,818.6749877929688,819.9749755859375,812.2999877929688,817.0,37282860,0.002050168657244492,818.1821376255581,897.0,713.4000244140625,0.005335098655605905
2024-09-04,809.9519653320312,820.9000244140625,822.4000244140625,816.0,819.5,24682744,0.0017083885467510677,818.3142874581473,897.0,713.4000244140625,0.005373505302009953
2024-09-05,811.7525024414062,822.7249755859375,824.9500122070312,821.0,823.0,22876318,-0.00033417304260328066,818.8642839704241,897.0,713.4000244140625,0.005273807650981718
2024-09-06,807.5592041015625,818.4749755859375,823.875,817.0499877929688,819.1500244140625,26029602,-0.0008240844875856068,818.8535679408482,897.0,713.4000244140625,0.005252014184459664
2024-09-09,812.2705688476562,823.25,824.25,815.0499877929688,819.0,23792914,0.005189255189255189,819.4214215959821,897.0,713.4000244140625,0.005129747857996662
2024-09-10,814.169921875,825.1749877929688,827.0,819.0,827.0,26606646,-0.002206786223737908,820.3821323939732,897.0,713.4000244140625,0.005130287383021919
2024-09-11,810.9879150390625,821.9500122070312,826.25,819.5999755859375,825.2000122070312,22226684,-0.003938439108002121,821.5928519112723,897.0,713.4000244140625,0.005144242389857477
2024-09-12,822.1865234375,833.2999877929688,835.0,823.5250244140625,827.0,32424046,0.007617881249055321,823.6821376255581,897.0,713.4000244140625,0.005638623341101595
2024-09-13,821.8658447265625,832.9749755859375,837.0,828.5250244140625,837.0,23860532,-0.0048088702676971325,825.4071306501116,897.0,713.4000244140625,0.0054504676883755515
2024-09-16,824.3324584960938,835.4749755859375,838.9000244140625,832.0250244140625,833.5,15172820,0.002369496803764247,827.2285592215402,897.0,713.4000244140625,0.005535783010970043
2024-09-17,823.2718505859375,834.4000244140625,839.0,832.0750122070312,839.0,20127122,-0.0054826884218563765,829.5035661969866,897.0,713.4000244140625,0.005632620102929314
2024-09-18,836.0985107421875,847.4000244140625,849.4500122070312,835.5499877929688,835.9249877929688,40917342,0.013727352081423531,832.9535696847098,897.0,713.4000244140625,0.0069814600725002845
2024-09-19,842.8571166992188,854.25,859.5,849.5750122070312,849.5999755859375,30651776,0.005473192735034569,837.1071428571429,897.0,713.4000244140625,0.006388677784453595
2024-09-20,858.989013671875,870.5999755859375,872.4749755859375,853.7750244140625,858.25,60623386,0.014389718131007865,844.0571376255581,897.0,713.4000244140625,0.006265666514716906
2024-09-23,868.1650390625,879.9000244140625,883.1749877929688,870.125,874.5,26965350,0.006174985036092053,850.7142857142857,897.0,713.4000244140625,0.006339681974765155
2024-09-24,872.2350463867188,884.0250244140625,890.8250122070312,877.125,882.5,33039036,0.0017280729904390936,858.0071498325893,897.0,713.4000244140625,0.006339425898627985
2024-09-25,877.6863403320312,889.5499877929688,894.0,880.0750122070312,880.0750122070312,31965312,0.010766099996608677,865.7321515764509,897.0,713.4000244140625,0.006606995641626537
2024-09-26,879.832275390625,891.7249755859375,894.0,884.0250244140625,886.5250244140625,31899644,0.005865543587234711,873.9214303152902,897.0,713.4000244140625,0.006504788709101772
2024-09-27,864.6377563476562,876.3250122070312,889.0999755859375,875.0,888.5,35613502,-0.013702856266706528,878.0535714285714,897.0,713.4000244140625,0.008032993020531017
2024-09-30,854.47509765625,866.0250244140625,875.7249755859375,862.2000122070312,874.4000244140625,26383534,-0.009577996072921095,879.7357177734375,897.0,713.4000244140625,0.008601655225561918
2024-10-01,851.5890502929688,863.0999755859375,871.0,860.0499877929688,862.0,24572284,0.001276073765588747,878.664289202009,897.0,713.4000244140625,0.008427194983377
2024-10-03,829.7838134765625,841.0,863.0750122070312,836.6749877929688,857.8250122070312,48473398,-0.01961357149489438,873.1071428571429,897.0,713.4000244140625,0.010138474939735607
2024-10-04,817.771240234375,828.8250122070312,845.3250122070312,826.5,837.25,48683232,-0.010062690705247835,865.2214268275669,897.0,713.4000244140625,0.010447144466888696
2024-10-07,798.1119384765625,808.9000244140625,829.5,806.5,826.0999755859375,94458296,-0.020820665391831528,853.7000034877232,897.0,713.4000244140625,0.011830090548549188
2024-10-08,814.5151977539062,825.5250244140625,828.4000244140625,811.0,815.0,29734406,0.012914140385352761,844.2428676060268,897.0,713.4000244140625,0.012354062277810485
2024-10-09,805.6846313476562,816.5750122070312,828.375,814.3499755859375,824.75,41125642,-0.009912079773226735,835.7071533203125,897.0,713.4000244140625,0.011926218814498105
2024-10-10,820.114501953125,831.2000122070312,832.7249755859375,816.25,819.5,21754766,0.014277013065321843,830.7321515764509,897.0,713.4000244140625,0.0125543820424767
2024-10-11,814.4906005859375,825.5,832.2249755859375,821.625,832.2249755859375,23672594,-0.008080718295197407,825.3607264927456,897.0,713.4000244140625,0.011828299183178443
2024-10-14,832.7931518554688,844.0499877929688,846.0250244140625,827.0,828.0250244140625,18527508,0.019353235598460368,825.7964390345982,897.0,713.4000244140625,0.013055536086038644
2024-10-15,830.81982421875,842.0499877929688,849.0,837.75,847.0,19651130,-0.005844170256235242,827.6857212611607,897.0,713.4000244140625,0.013053739103948853
2024-10-16,838.565185546875,849.9000244140625,853.9749755859375,840.0499877929688,840.0499877929688,20470682,0.0117255362945393,833.5428641183036,897.0,713.4000244140625,0.013130294535326381
2024-10-17,825.4178466796875,836.5750122070312,848.8250122070312,832.5999755859375,847.4749755859375,14695732,-0.012861693492920073,835.1214338030134,897.0,713.4000244140625,0.013188206471101239
2024-10-18,829.7098388671875,840.9249877929688,845.5,827.0499877929688,831.5499877929688,24809724,0.011274126796492836,838.6000017438616,897.0,713.4000244140625,0.013409463404695735
2024-10-21,852.8223876953125,864.3499755859375,874.0750122070312,855.5250244140625,857.5,46548354,0.007988309721209912,843.335710797991,897.0,713.4000244140625,0.013452885610096034
2024-10-22,845.841796875,857.2750244140625,870.0,855.3499755859375,865.0250244140625,38875280,-0.008959278380703007,847.875,897.0,713.4000244140625,0.013620220660850158
2024-10-23,856.3251342773438,867.9000244140625,873.25,852.5250244140625,852.5250244140625,38036090,0.018034661223659897,851.2821480887277,897.0,713.4000244140625,0.013448213591745735
2024-10-24,863.15771484375,874.8250122070312,884.3250122070312,869.0499877929688,869.0499877929688,30832258,0.006645215459617804,855.9642944335938,897.0,713.4000244140625,0.013093327605922928
2024-10-25,860.0744018554688,871.7000122070312,878.9249877929688,864.3499755859375,877.5,26130478,-0.006609672698539886,859.0785784040179,897.0,713.4000244140625,0.011608604632011417
2024-10-28,855.5357055664062,867.0999755859375,875.5,864.4500122070312,871.0,22012142,-0.004477639970221011,863.4392874581473,897.0,713.4000244140625,0.011461086311317124
2024-10-29,864.2430419921875,875.9249877929688,882.0,862.5499877929688,863.0750122070312,35794926,0.014888596476774252,868.4392874581473,897.0,713.4000244140625,0.01134015473546504
2024-10-30,855.7330932617188,867.2999877929688,877.375,862.0999755859375,871.0,32715724,-0.004248004830116245,868.8607177734375,897.0,713.4000244140625,0.0111399158199708
2024-10-31,856.2756958007812,867.8499755859375,869.4500122070312,859.7000122070312,864.0,22895912,0.004455990261501736,870.3714250837054,897.0,713.4000244140625,0.010695296105821027
2024-11-01,857.0651245117188,868.6500244140625,872.0499877929688,863.0499877929688,866.5,1759692,0.0024812745690276977,870.4785679408482,897.0,713.4000244140625,0.009695923546724348
2024-11-04,845.6197509765625,857.0499877929688,872.5,855.4500122070312,872.5,28089248,-0.017707750380551578,867.9392787388393,897.0,713.4000244140625,0.010919136748291711
2024-11-05,867.2030029296875,878.9249877929688,881.3499755859375,848.9500122070312,851.5,44232406,0.03220785413149589,868.971418108259,897.0,713.4000244140625,0.013455437107005266
2024-11-06,865.92041015625,877.625,885.75,872.6749877929688,885.75,27787910,-0.0091730172170477,870.4749930245536,897.0,713.4000244140625,0.013151968032631998
2024-11-07,861.62841796875,873.2750244140625,880.4749755859375,869.0,872.1500244140625,18895456,0.0012899156893973716,870.0964268275669,897.0,713.4000244140625,0.012958085032859293
2024-11-08,865.5256958007812,877.2249755859375,880.9000244140625,872.9249877929688,876.0,19902986,0.0013983739565496575,871.5142822265625,897.0,713.4000244140625,0.012867836214901689
2024-11-11,871.3717041015625,883.1500244140625,891.4000244140625,875.5999755859375,877.2750244140625,24565362,0.006696873655925574,873.7000034877232,897.0,713.4000244140625,0.012502376752107379
2024-11-12,847.6423950195312,859.0999755859375,887.5,854.3250122070312,886.0,31395406,-0.0303612013702737,872.335710797991,897.0,713.4000244140625,0.014619527839958922
2024-11-13,829.463134765625,840.6749877929688,864.7000122070312,836.5,858.375,35728500,-0.02062037245613077,869.9964250837054,897.0,713.4000244140625,0.015433850471100755
2024-11-14,835.087158203125,846.375,852.4249877929688,836.0499877929688,836.5499877929688,27146470,0.011744680354311076,865.3464268275669,897.0,713.4000244140625,0.015799018499284227
2024-11-18,841.1797485351562,852.5499877929688,859.4500122070312,847.5,850.0,27081968,0.0029999856387867645,861.7642822265625,897.0,713.4000244140625,0.01579210486065135
2024-11-19,859.507080078125,871.125,876.875,851.3499755859375,857.0,50981272,0.01648191365227538,861.4571358816964,897.0,713.4000244140625,0.015915105753637807
2024-11-21,858.989013671875,870.5999755859375,879.5,867.0999755859375,874.7000122070312,35716512,-0.0046873631689435934,860.5107073102679,897.0,713.4000244140625,0.01592420027589539
2024-11-22,861.1597290039062,872.7999877929688,877.1500244140625,864.7750244140625,871.7750244140625,24773612,0.0011757200541448736,859.0321306501116,897.0,713.4000244140625,0.015874486395402433
2024-11-25,880.8929443359375,892.7999877929688,901.7750244140625,882.4500122070312,892.5250244140625,427737274,0.0003080735793226211,863.846418108259,901.7750244140625,713.4000244140625,0.015854401327273445
2024-11-26,880.8683471679688,892.7750244140625,905.0,884.9000244140625,905.0,30935566,-0.01350826031595304,871.2892804827009,905.0,713.4000244140625,0.015542256804667962
2024-11-27,894.06494140625,906.1500244140625,908.6749877929688,892.5750122070312,894.9500122070312,32714976,0.012514679092981922,879.8285696847098,908.6749877929688,713.4000244140625,0.013069305047646003
2024-11-28,884.6176147460938,896.5750122070312,918.0499877929688,894.0,909.5,35722392,-0.014211091581054151,886.1178588867188,918.0499877929688,713.4000244140625,0.01335721972540203
2024-11-29,886.04833984375,898.0250244140625,902.2999877929688,891.4500122070312,900.6500244140625,27669536,-0.002914561626429479,889.9607195172991,918.0499877929688,713.4000244140625,0.013323437973415387
2024-12-02,890.3156127929688,902.3499755859375,904.0750122070312,887.5,901.75,15110876,0.0006653458119628501,894.4964338030134,918.0499877929688,713.4000244140625,0.01330898184388539
2024-12-03,900.9715576171875,913.1500244140625,918.7000122070312,908.0499877929688,911.3499755859375,43410242,0.0019751455273455056,900.260724748884,918.7000122070312,713.4000244140625,0.013118968407813566
2024-12-04,917.6461791992188,930.0499877929688,932.5,915.5750122070312,919.0,44669084,0.01202392578125,905.5821533203125,932.5,713.4000244140625,0.01097053674153477
2024-12-05,920.4335327148438,932.875,939.9749755859375,917.5999755859375,930.0,39682714,0.0030913978494623655,911.3107212611607,939.9749755859375,713.4000244140625,0.009179443458245626
2024-12-06,915.5494995117188,927.9249877929688,932.0999755859375,922.0,928.5,17783156,-0.0006192915530761981,914.4214303152902,939.9749755859375,713.4000244140625,0.008752098096588822
2024-12-09,922.5301513671875,935.0,940.0,924.5,926.8250122070312,26947912,0.008820422070291135,919.9107142857143,940.0,713.4000244140625,0.00898482403306089
2024-12-10,921.5928344726562,934.0499877929688,938.8499755859375,929.2750244140625,938.8499755859375,13325480,-0.005112624932405278,925.0571376255581,940.0,713.4000244140625,0.008018104744839948
2024-12-11,919.1261596679688,931.5499877929688,935.9500122070312,928.375,930.8499755859375,14045426,0.0007520139930074305,929.2285679408482,940.0,713.4000244140625,0.00790629088610544
2024-12-12,917.2268676757812,929.625,934.3250122070312,924.3499755859375,925.5,17293790,0.004457050243111832,931.5821358816964,940.0,713.4000244140625,0.0079807994846036
2024-12-13,923.3934936523438,935.875,937.5,914.625,931.25,19009002,0.004966442953020134,932.4142804827009,940.0,713.4000244140625,0.008064865187871886
2024-12-16,920.1621704101562,932.5999755859375,934.9749755859375,927.625,932.5499877929688,13107082,5.3603338826966526e-05,932.3749912806919,940.0,713.4000244140625,0.006933448843512029
2024-12-17,904.4002685546875,916.625,931.1749877929688,913.25,928.1749877929688,21079532,-0.012443761084784798,930.7607073102679,940.0,713.4000244140625,0.007195256856376329
2024-12-18,893.2755737304688,905.3499755859375,918.0,903.5750122070312,914.9249877929688,23422312,-0.010465352170704845,926.5249895368304,940.0,713.4000244140625,0.0066725260880020065
2024-12-19,884.790283203125,896.75,900.5499877929688,889.5,899.7999877929688,25380770,-0.0033896286223005696,921.1964198521206,940.0,713.4000244140625,0.006691722400685676
2024-12-20,873.93701171875,885.75,898.7750244140625,883.5250244140625,891.0999755859375,25692348,-0.0060037882757427476,914.653564453125,940.0,713.4000244140625,0.006900968572457231
2024-12-23,888.4902954101562,900.5,903.0,890.6500244140625,891.0,11044592,0.010662177328843996,910.4928501674107,940.0,713.4000244140625,0.007472232141903109
2024-12-24,887.0596313476562,899.0499877929688,904.3499755859375,894.7750244140625,901.0250244140625,14485834,-0.002191988643576374,905.2321341378348,940.0,713.4000244140625,0.006710696663564632
2024-12-26,883.4336547851562,895.375,906.0,890.375,899.2750244140625,10481678,-0.004336853919192992,899.9142804827009,940.0,713.4000244140625,0.006695966511470183
2024-12-27,887.1336669921875,899.125,902.9749755859375,894.5499877929688,897.4000244140625,7259330,0.0019221924883095303,897.4142804827009,940.0,713.4000244140625,0.006743142743394245
2024-12-30,877.0943603515625,888.9500122070312,907.5,885.5,896.0999755859375,22222218,-0.007978979548828875,895.0714285714286,940.0,713.4000244140625,0.006368626175522235
2024-12-31,874.60302734375,886.4249877929688,890.9000244140625,882.7999877929688,885.1500244140625,14117236,0.001440392412292176,893.5964268275669,940.0,713.4000244140625,0.0063693461788645375
2025-01-01,879.4869384765625,891.375,897.0,880.5499877929688,886.7249755859375,7313806,0.005244043578438533,894.3999982561384,940.0,713.4000244140625,0.0066062877327750765
2025-01-02,884.9136352539062,896.875,901.7249755859375,886.5,888.5499877929688,18558576,0.009369210873222103,893.8821411132812,940.0,713.4000244140625,0.007050527959074058
2025-01-03,862.9356689453125,874.5999755859375,897.625,873.1500244140625,895.5,24426194,-0.023338944069304857,890.3892822265625,940.0,713.4000244140625,0.00901220913412065
2025-01-06,843.8438110351562,855.25,878.5999755859375,852.9000244140625,870.0499877929688,18816348,-0.017010502845372668,884.6571393694196,940.0,713.4000244140625,0.009700720723109341
2025-01-07,845.2744140625,856.7000122070312,860.5,850.0,857.5,13527906,-0.0009329303708090379,878.5964268275669,940.0,713.4000244140625,0.009430491413551486
2025-01-08,835.8518676757812,847.1500244140625,855.8250122070312,841.6749877929688,854.125,19738190,-0.008166223428581882,872.625,940.0,713.4000244140625,0.009316531338535458
2025-01-09,822.778564453125,833.9000244140625,844.5,829.0499877929688,842.0750122070312,40420222,-0.009708146749946382,865.1214338030134,940.0,713.4000244140625,0.009478391405187744
2025-01-10,817.3272094726562,828.375,837.4500122070312,827.0,835.5,17453280,-0.008527827648114902,856.1214338030134,940.0,713.4000244140625,0.009550439750418704
2025-01-13,804.5499267578125,815.4249877929688,823.375,812.1500244140625,820.0,21669066,-0.005579283179306402,844.4857177734375,940.0,713.4000244140625,0.008593776561937614
2025-01-14,812.3198852539062,823.2999877929688,828.0999755859375,818.5,819.9500122070312,26661432,0.004085585140636178,837.1571480887277,940.0,713.4000244140625,0.008908742167166915
2025-01-15,810.5685424804688,821.5250244140625,831.3499755859375,818.1500244140625,828.25,14022892,-0.008119499650996075,832.3392944335938,940.0,713.4000244140625,0.008959421352749516
2025-01-16,815.008544921875,826.0250244140625,830.2750244140625,821.4249877929688,826.4249877929688,21212454,-0.00048396815780508143,827.9571533203125,940.0,713.4000244140625,0.00884271986805372
2025-01-17,807.4605712890625,818.375,825.25,814.25,821.75,23112076,-0.004107088530574992,823.846435546875,940.0,713.4000244140625,0.00880213327522506
2025-01-20,814.6138305664062,825.625,830.4749755859375,813.0,813.0,17557618,0.01552890528905289,822.664289202009,940.0,713.4000244140625,0.01024547017171144
2025-01-21,810.2478637695312,821.2000122070312,830.5250244140625,816.5250244140625,829.125,31158144,-0.009558254536974219,821.6392909458706,940.0,713.4000244140625,0.010013033804302256
2025-01-22,821.9152221679688,833.0250244140625,835.9500122070312,812.7249755859375,821.2000122070312,30619306,0.01439967368637845,824.153581891741,940.0,713.4000244140625,0.010630060910872869
2025-01-23,821.347900390625,832.4500122070312,843.5,825.625,843.5,34909158,-0.01310016335858773,825.4607282366071,940.0,713.4000244140625,0.009520740631732869
2025-01-24,813.8986206054688,824.9000244140625,835.1500244140625,822.25,830.0,24236200,-0.0061445488987198794,825.94287109375,940.0,713.4000244140625,0.008761558307880604
2025-01-27,804.0319213867188,814.9000244140625,821.7999877929688,813.0,820.5499877929688,22804166,-0.006885580967593385,824.3535853794643,940.0,713.4000244140625,0.008803786801786518
2025-01-28,824.0611572265625,835.2000122070312,842.1500244140625,823.5,823.5,30179312,0.01420766509657711,826.7571585518973,940.0,713.4000244140625,0.009826182636785991
2025-01-29,827.4651489257812,838.6500244140625,840.5750122070312,834.4249877929688,837.5,12619890,0.0013731634794776119,828.6178763253348,940.0,713.4000244140625,0.009575802243870984
2025-01-30,834.470458984375,845.75,848.9500122070312,836.2750244140625,840.5,25744846,0.006246281975014872,832.125017438616,940.0,713.4000244140625,0.00948683007177121
2025-01-31,838.047119140625,849.375,852.3499755859375,841.9749755859375,843.625,15821686,0.006815824566602459,834.4607282366071,940.0,713.4000244140625,0.009491103055414568
2025-02-01,834.1990966796875,845.4749755859375,856.5,838.0250244140625,848.75,5587528,-0.0038586443759204715,836.3214372907366,940.0,713.4000244140625,0.009531018011074085
2025-02-03,827.8104858398438,839.0,843.4000244140625,831.7249755859375,835.0,20276540,0.004790419161676647,838.3357195172991,940.0,713.4000244140625,0.009258662340517655
2025-02-04,848.9744873046875,860.4500122070312,862.9000244140625,840.0250244140625,844.3499755859375,28616502,0.019067965993510114,844.8428606305804,940.0,713.4000244140625,0.010365438035405865
2025-02-05,857.311767578125,868.9000244140625,872.0999755859375,859.4500122070312,866.5,23675506,0.0027697915915320254,849.6571480887277,940.0,713.4000244140625,0.010175694905496779
2025-02-06,860.29638671875,871.9249877929688,874.5,862.0,867.75,26760716,0.004811279507886776,854.4107142857143,940.0,713.4000244140625,0.009566675793840285
2025-02-07,854.8203735351562,866.375,883.5,862.5,875.0,23509600,-0.009857142857142858,857.3571428571429,940.0,713.4000244140625,0.00959593275202224
2025-02-10,846.4337768554688,857.875,861.7249755859375,854.25,858.6500244140625,17195950,-0.0009026080382299784,858.5714285714286,940.0,713.4000244140625,0.00898511197399522
2025-02-11,839.3544921875,850.7000122070312,855.5,844.3499755859375,851.5,22724704,-0.0009395041608558426,859.3178623744419,940.0,713.4000244140625,0.008012669166350711
2025-02-12,842.0184936523438,853.4000244140625,856.0,840.5999755859375,846.5,22809570,0.008151239709465446,861.3750087193081,940.0,713.4000244140625,0.0077678189178025875
2025-02-13,837.5291137695312,848.8499755859375,857.125,846.7750244140625,849.5,12602434,-0.0007651847134343731,859.7178606305804,940.0,713.4000244140625,0.007311053247241844
2025-02-14,836.1231079101562,847.4249877929688,850.9500122070312,840.0,850.9500122070312,19959892,-0.004142457680821892,856.6499982561384,940.0,713.4000244140625,0.00691820605429281
2025-02-17,847.2230834960938,858.6749877929688,860.0,840.625,842.5999755859375,12938946,0.019077869300735274,854.7571411132812,940.0,713.4000244140625,0.00821353360438595
2025-02-18,850.0350952148438,861.5250244140625,865.7750244140625,853.0750122070312,856.5250244140625,16350910,0.005837541061243872,854.0642874581473,940.0,713.4000244140625,0.008204361457378446
2025-02-19,852.0823974609375,863.5999755859375,868.9500122070312,856.2249755859375,858.5,11884112,0.00594056562135993,854.8821411132812,940.0,713.4000244140625,0.00818154196220422
2025-02-20,832.2998046875,843.5499877929688,857.3499755859375,842.6500244140625,855.5,26390510,-0.013968453777944185,853.8607090541294,940.0,713.4000244140625,0.009262425426938156
2025-02-21,834.9638061523438,846.25,847.4749755859375,838.625,840.4500122070312,15680940,0.0069010502810725365,852.8392769949777,940.0,713.4000244140625,0.0093135098484082
2025-02-24,827.3665161132812,838.5499877929688,842.0999755859375,830.5499877929688,840.5499877929688,20693646,-0.0023793944786691364,851.3678501674107,940.0,713.4000244140625,0.008159401059313348
2025-02-25,829.9564819335938,841.1749877929688,844.0,835.5499877929688,835.5499877929688,24138708,0.006732092731947659,850.4749930245536,940.0,713.4000244140625,0.008275962328119401
2025-02-27,839.0090942382812,850.3499755859375,855.375,841.2750244140625,841.2750244140625,35786800,0.010787139649362096,849.2857055664062,940.0,713.4000244140625,0.00859400737863333
2025-02-28,854.6477661132812,866.2000122070312,868.625,842.5,842.5,54516728,0.028130578287277448,849.9535609654018,940.0,713.4000244140625,0.010324952648326316
2025-03-03,839.4285278320312,850.7750244140625,871.5250244140625,847.0499877929688,869.9000244140625,21205364,-0.02198528504799388,848.1214250837054,940.0,713.4000244140625,0.012535610689593819
2025-03-04,843.5971069335938,855.0,857.1500244140625,846.625,849.0,19920958,0.007067137809187279,849.7571411132812,940.0,713.4000244140625,0.012505788499330879
2025-03-05,833.73046875,845.0,855.4000244140625,844.125,850.9749755859375,21583872,-0.007021329366146684,849.5785696847098,940.0,713.4000244140625,0.012768925700450752
2025-03-06,834.3224487304688,845.5999755859375,849.9500122070312,836.125,843.5,32966088,0.002489597612255483,850.585710797991,940.0,713.4000244140625,0.012727165553828731
2025-03-07,833.3604736328125,844.625,850.5750122070312,838.7999877929688,841.0,13372914,0.004310344827586207,851.0785696847098,940.0,713.4000244140625,0.012556265225769258
2025-03-10,832.4971313476562,843.75,849.9500122070312,841.5250244140625,844.5,15604050,-0.0008880994671403197,850.1357160295759,940.0,713.4000244140625,0.011786614261063217
2025-03-11,831.510498046875,842.75,847.0,835.0250244140625,841.2000122070312,19898430,0.0018425912630482416,846.7857142857143,940.0,713.4000244140625,0.011742198555852958
2025-03-12,844.1644897460938,855.5750122070312,859.25,845.7750244140625,845.7750244140625,18784106,0.011586991232991306,847.4714268275669,940.0,713.4000244140625,0.011982578524714073
2025-03-13,841.9197387695312,853.2999877929688,860.4000244140625,850.0250244140625,858.0250244140625,15736264,-0.005506875075491457,847.2285679408482,940.0,713.4000244140625,0.01128661793343909
2025-03-17,843.7944946289062,855.2000122070312,862.0,852.5,852.5,18950652,0.003167169744318182,848.6857125418527,940.0,713.4000244140625,0.011231446496434884
2025-03-18,843.7944946289062,855.2000122070312,855.2000122070312,855.2000122070312,855.2000122070312,0,0.0,850.057146344866,940.0,713.4000244140625,0.011165862723159609
2025-03-19,860.4197387695312,872.0499877929688,875.5,866.0999755859375,867.5,15221406,0.0052449427008285305,853.9750017438616,940.0,713.4000244140625,0.011133711902788735
2025-03-20,872.580322265625,884.375,887.0,874.6500244140625,877.0,17833978,0.008409350057012543,859.7785731724331,940.0,713.4000244140625,0.011020083234967568
2025-03-21,873.3696899414062,885.1749877929688,887.0499877929688,877.7750244140625,877.7750244140625,33508264,0.008430364470492786,865.8392857142857,940.0,713.4000244140625,0.008478337901991272
2025-03-24,887.9969482421875,900.0,902.2000122070312,886.8250122070312,889.5,17393736,0.011804384485666104,872.1857125418527,940.0,713.4000244140625,0.00572536057032628
2025-03-25,898.5789184570312,910.7249755859375,921.8499755859375,900.75,902.4500122070312,39101416,0.00916944237018625,880.3892822265625,940.0,713.4000244140625,0.005848455429380267
2025-03-26,891.2283325195312,903.2750244140625,913.75,901.0,912.5,24478442,-0.010109562285958905,887.2571411132812,940.0,713.4000244140625,0.006326258121543095
2025-03-27,900.5029296875,912.6749877929688,920.5,899.0499877929688,900.0,41658100,0.014083319769965278,895.4678519112723,940.0,713.4000244140625,0.006906464435602928
2025-03-28,901.9088745117188,914.0999755859375,918.0,902.9249877929688,914.5,28773648,-0.00043742418158829963,901.4749930245536,940.0,713.4000244140625,0.007026516090712196
2025-04-01,872.1363525390625,883.9249877929688,904.9500122070312,882.6749877929688,901.0,28511006,-0.018951178920123473,901.4107055664062,940.0,713.4000244140625,0.009296187747853549
2025-04-02,886.4676513671875,898.4500122070312,899.5999755859375,885.3499755859375,885.3499755859375,11573564,0.014796449971576444,903.3071376255581,940.0,713.4000244140625,0.009826666741963018
2025-04-03,885.456298828125,897.4249877929688,902.0,888.5,890.5499877929688,11250038,0.007719948452347035,902.9392787388393,940.0,713.4000244140625,0.009640255832074453
2025-04-04,896.5316772460938,908.6500244140625,920.9749755859375,905.5499877929688,906.5,33540454,0.0023717864468422506,902.6428571428571,940.0,713.4000244140625,0.009303398577435793
2025-04-07,867.1289672851562,878.8499755859375,889.9249877929688,869.0999755859375,881.4000244140625,37995450,-0.002893179892773684,899.153564453125,940.0,713.4000244140625,0.009483306105480654
2025-04-08,872.7777099609375,884.5750122070312,891.0,875.1500244140625,882.5,35563872,0.002351288619865439,895.1392822265625,940.0,713.4000244140625,0.009436387642039645
2025-04-09,870.7303466796875,882.5,887.5,876.75,882.5,22454608,0.0,890.625,940.0,713.4000244140625,0.00947495020294341
2025-04-11,891.3269653320312,903.375,909.7000122070312,887.375,887.375,32775766,0.018030708550500072,893.4035731724331,940.0,713.4000244140625,0.010192749744806287
2025-04-15,920.0142211914062,932.4500122070312,938.4000244140625,927.5,932.5,49298344,-5.360621229892761e-05,898.2607160295759,940.0,713.4000244140625,0.010162919981924349
2025-04-16,926.4768676757812,939.0,941.9000244140625,930.25,941.9000244140625,19136820,-0.0030789089488202828,904.2000034877232,941.9000244140625,713.4000244140625,0.00999547938565973
2025-04-17,940.6354370117188,953.3499755859375,959.8499755859375,938.3499755859375,941.0,35703084,0.013124309868158874,910.585710797991,959.8499755859375,713.4000244140625,0.010255327590157294
2025-04-21,950.6994018554688,963.5499877929688,975.3499755859375,955.0,962.0,34247298,0.0016112139220049377,922.6857125418527,975.3499755859375,713.4000244140625,0.009591411415242862
2025-04-22,967.7686767578125,980.8499755859375,985.2999877929688,967.5,967.5,45961750,0.013798424378229973,936.4392787388393,985.2999877929688,713.4000244140625,0.009567449220336692
2025-04-23,949.1207275390625,961.9500122070312,989.4500122070312,960.25,989.4500122070312,30570642,-0.02779321811180688,947.7892804827009,989.4500122070312,713.4000244140625,0.012703403399642354
2025-04-24,945.6181030273438,958.4000244140625,961.9500122070312,952.5499877929688,955.0,25931754,0.0035602349885471203,955.6499982561384,989.4500122070312,713.4000244140625,0.01125775263546446
2025-04-25,942.8554077148438,955.5999755859375,966.5,945.9000244140625,962.4000244140625,18500878,-0.007065719716980546,958.9571358816964,989.4500122070312,713.4000244140625,0.011025950191429214
2025-04-28,947.29541015625,960.0999755859375,964.8499755859375,954.2000122070312,955.5999755859375,13920492,0.004709083418760838,961.971418108259,989.4500122070312,713.4000244140625,0.010925226069044655
2025-04-29,941.6714477539062,954.4000244140625,964.4000244140625,950.0999755859375,959.4000244140625,18918308,-0.005211590444823749,962.1214250837054,989.4500122070312,713.4000244140625,0.011056997529555952
2025-04-30,949.6633911132812,962.5,968.4500122070312,955.1500244140625,956.5,31936870,0.006272869837950863,961.9714268275669,989.4500122070312,713.4000244140625,0.011093311815640192
2025-05-02,948.1341552734375,960.9500122070312,970.9500122070312,960.0,964.9000244140625,17840404,-0.004093701012630716,959.1285749162946,989.4500122070312,713.4000244140625,0.01118622893057357
2025-05-05,955.4847412109375,968.4000244140625,976.0,966.1500244140625,969.5,15068024,-0.00113458028461836,960.0500052315848,989.4500122070312,713.4000244140625,0.011198028794378211
2025-05-06,952.9686889648438,965.8499755859375,970.0499877929688,962.1500244140625,965.0,17490156,0.0008808037159974094,961.1142839704241,989.4500122070312,713.4000244140625,0.01006082170978285
2025-05-07,959.8260498046875,972.7999877929688,974.3499755859375,961.2000122070312,967.0,21420778,0.005997919124062823,963.5714285714286,989.4500122070312,713.4000244140625,0.010202134898323315
2025-05-08,951.3900756835938,964.25,977.4000244140625,959.5499877929688,977.4000244140625,34803430,-0.013454086439117652,964.164289202009,989.4500122070312,713.4000244140625,0.010810492426720457
2025-05-09,932.248779296875,944.8499755859375,959.5,943.4000244140625,955.0499877929688,17188796,-0.010680082024400132,962.7999965122768,989.4500122070312,713.4000244140625,0.010342929834694753
2025-05-12,965.5487060546875,978.5999755859375,979.9500122070312,956.1500244140625,958.7999877929688,18618972,0.020650801048241265,965.0999930245536,989.4500122070312,713.4000244140625,0.012017082546096111
2025-05-13,948.4793701171875,961.2999877929688,980.8499755859375,960.0,975.0,24242102,-0.014051294571314103,965.1499895368304,989.4500122070312,713.4000244140625,0.011685017473315091
2025-05-14,942.5594482421875,955.2999877929688,965.0999755859375,951.5,961.0499877929688,15445308,-0.005983039460002237,963.2785557338169,989.4500122070312,713.4000244140625,0.009337279969664757
2025-05-15,954.0047607421875,966.9000244140625,972.4000244140625,948.5,956.75,32241458,0.01060885750097988,963.4285627092634,989.4500122070312,713.4000244140625,0.009803706906206432
2025-05-16,954.44873046875,967.3499755859375,971.9000244140625,964.2000122070312,966.9000244140625,15868010,0.0004653543908509761,962.6499895368304,989.4500122070312,713.4000244140625,0.009644495531134502
2025-05-19,956.4220581054688,969.3499755859375,972.5,965.5,968.5,10202964,0.000877620635970573,963.3785574776786,989.4500122070312,715.1500244140625,0.00954345856915422
2025-05-20,944.6807861328125,957.4500122070312,967.2999877929688,956.5,964.0499877929688,23879090,-0.00684609270215027,965.1785627092634,989.4500122070312,717.75,0.00961352754638224
2025-05-21,950.5514526367188,963.4000244140625,973.4500122070312,960.5499877929688,963.5,15132040,-0.00010376293299169693,963.0071411132812,989.4500122070312,717.75,0.00940401602493252
2025-05-22,947.1474609375,959.9500122070312,962.0999755859375,952.5999755859375,957.5999755859375,21306670,0.00245409010130332,962.8142874581473,989.4500122070312,717.75,0.009412100488933355
2025-05-23,953.9060668945312,966.7999877929688,968.5,957.25,960.0499877929688,9566072,0.007030883897532649,964.4571446010044,989.4500122070312,723.0999755859375,0.009635902952975329
2025-05-26,957.1619873046875,970.0999755859375,974.9500122070312,963.4500122070312,967.5,10802860,0.0026873132671188633,964.9142804827009,989.4500122070312,724.0750122070312,0.009662879989856965
2025-05-27,950.3047485351562,963.1500244140625,974.0,958.1500244140625,965.7999877929688,26162148,-0.002743801420998053,964.3142874581473,989.4500122070312,724.0750122070312,0.009525228702633328
2025-05-28,948.9234008789062,961.75,967.25,958.8499755859375,960.0999755859375,18157594,0.0017185964545572557,963.2285766601562,989.4500122070312,727.0,0.008791097462687452
2025-05-29,950.896728515625,963.75,970.4000244140625,953.6500244140625,964.0,28917794,-0.00025933609958506224,964.1285749162946,989.4500122070312,727.0,0.008198833869178947
2025-05-30,959.480712890625,972.4500122070312,974.4000244140625,962.7000122070312,965.9500122070312,28748078,0.006729126681357565,965.4214303152902,989.4500122070312,727.0,0.0062737601279182565
2025-06-02,953.166015625,966.0499877929688,968.0,954.0,965.0499877929688,14668822,0.0010362157532243076,966.2928553989956,989.4500122070312,727.0,0.00475140196179977
2025-06-03,949.466064453125,962.2999877929688,976.0,960.0,969.0,24377584,-0.006914357282797988,965.6499982561384,989.4500122070312,727.0,0.004865786926195758
2025-06-04,957.6553344726562,970.5999755859375,971.6500244140625,960.4500122070312,960.5,12961542,0.010515331167035399,965.7214268275669,989.4500122070312,727.0,0.004851913576762617
2025-06-05,961.79931640625,974.7999877929688,979.4500122070312,970.0999755859375,974.0,22255418,0.0008213427032533367,967.3857073102679,989.4500122070312,727.0,0.004848760717714057
2025-06-06,976.1552734375,989.3499755859375,998.1500244140625,971.3499755859375,972.0,30127008,0.017849769121334878,971.3285609654018,998.1500244140625,727.0,0.0065731344333402
2025-06-09,976.2540283203125,989.4500122070312,997.5,987.9500122070312,997.5,13202588,-0.008070163200971177,974.9999912806919,998.1500244140625,727.0,0.0067126284251289
2025-06-10,969.5447387695312,982.6500244140625,991.4000244140625,980.5499877929688,991.4000244140625,15533126,-0.008825902546423103,976.4571358816964,998.1500244140625,741.1749877929688,0.007332920828481877
2025-06-11,962.1940307617188,975.2000122070312,983.7999877929688,973.5,983.7999877929688,11096394,-0.00874158944160028,977.7642822265625,998.1500244140625,773.2999877929688,0.007839269708569773
2025-06-12,958.74072265625,971.7000122070312,980.5,967.6500244140625,975.0,16349130,-0.0033846028645833333,979.1071428571429,998.1500244140625,776.0250244140625,0.007707501908307832
2025-06-13,946.0127563476562,958.7999877929688,966.5,956.5,960.0,12117762,-0.001250012715657552,977.4214303152902,998.1500244140625,776.0999755859375,0.007680475752973354
2025-06-16,954.7940673828125,967.7000122070312,969.4500122070312,960.0499877929688,962.0,16513746,0.005925168614377599,976.4071480887277,998.1500244140625,776.0999755859375,0.007800192740736008
2025-06-17,951.9327392578125,964.7999877929688,970.7999877929688,959.5499877929688,968.5,16978736,-0.003820353337151523,972.9000069754464,998.1500244140625,783.2000122070312,0.007874332706038024
2025-06-18,954.0540771484375,966.9500122070312,968.1500244140625,958.5,958.5,18433816,0.008815870847189619,969.6857212611607,998.1500244140625,787.0,0.008207631955562218
2025-06-19,954.7447509765625,967.6500244140625,973.4000244140625,962.7999877929688,966.9500122070312,16876220,0.0007239383610260218,967.5428641183036,998.1500244140625,788.8499755859375,0.008026792481421238
2025-06-20,969.2486572265625,982.3499755859375,984.9500122070312,965.7999877929688,965.7999877929688,32900408,0.01713604059033851,968.5642874581473,998.1500244140625,794.0250244140625,0.009202308761859115
2025-06-23,961.2073974609375,974.2000122070312,978.9500122070312,970.9000244140625,974.2000122070312,11739518,0.0,968.9214303152902,998.1500244140625,794.0250244140625,0.008897375886657352
2025-06-24,967.3740234375,980.4500122070312,989.5,977.7999877929688,982.5,22625322,-0.002086501570451654,972.0142909458706,998.1500244140625,794.0250244140625,0.008599726417664806
2025-06-25,976.8953247070312,990.0999755859375,991.0,981.9500122070312,983.0,18405932,0.007222762549275178,975.2142857142857,998.1500244140625,794.0250244140625,0.008753826110942227
2025-06-26,997.4179077148438,1010.9000244140625,1013.5499877929688,990.0,990.7000122070312,50084830,0.020389635568925337,981.8000052315848,1013.5499877929688,794.0250244140625,0.009135923750385213
2025-06-27,1004.9491577148438,1007.4500122070312,1009.9000244140625,996.7000122070312,1006.5,28213384,0.0009438770064890711,987.5857195172991,1013.5499877929688,794.0250244140625,0.008700382343355347
2025-06-30,998.2658081054688,1000.75,1006.9000244140625,997.75,1005.75,13649020,-0.004971414367387522,992.3142874581473,1013.5499877929688,794.0250244140625,0.00837402532308997
2025-07-01,1003.5526123046875,1006.0499877929688,1008.0,1002.0,1002.5,14389386,0.0035411349555798007,995.7000034877232,1013.5499877929688,794.0250244140625,0.007707197469801084
2025-07-02,990.5350341796875,993.0,1009.9500122070312,988.9500122070312,1009.9500122070312,18878250,-0.016783020943769877,998.3857160295759,1013.5499877929688,794.0250244140625,0.009297424144070624
2025-07-03,991.0836181640625,993.5499877929688,1004.0,992.1500244140625,997.4500122070312,16860506,-0.003909994853208753,1000.2571411132812,1013.5499877929688,794.0250244140625,0.00940771530931174
2025-07-04,992.1809692382812,994.6500244140625,1001.75,990.0,993.5499877929688,7863944,0.0011071779322722618,1000.9071480887277,1013.5499877929688,794.0250244140625,0.009355489696108027
2025-07-07,991.2332763671875,993.7000122070312,999.2000122070312,991.9000244140625,994.5,11349426,-0.0008044120592948718,998.4500034877232,1013.5499877929688,794.0250244140625,0.009244677244387092
2025-07-08,998.2159423828125,1000.7000122070312,1002.5,988.5,988.5,15224316,0.012341944569581436,997.4857177734375,1013.5499877929688,794.0250244140625,0.009482654001525133
2025-07-09,1003.1036987304688,1005.5999755859375,1006.9000244140625,999.0499877929688,1003.5,13861428,0.002092651306365222,998.1785714285714,1013.5499877929688,794.0250244140625,0.009470099815096538
2025-07-10,1000.6099243164062,1003.0999755859375,1008.5,1000.0,1008.0,17030310,-0.00486113533141121,997.7571411132812,1013.5499877929688,794.0250244140625,0.008660785942823558
2025-07-11,989.3878784179688,991.8499755859375,1002.4000244140625,990.4500122070312,999.0,12516922,-0.0071571815956581585,997.5928519112723,1013.5499877929688,794.0250244140625,0.008932344604246635
2025-07-14,989.0387573242188,991.5,994.3499755859375,985.2999877929688,991.5,13088850,0.0,997.2999965122768,1013.5499877929688,794.0250244140625,0.008903144030745047
2025-07-15,995.2732543945312,997.75,1001.7999877929688,986.5,986.5,14498168,0.011403953370501775,997.7428501674107,1013.5499877929688,794.0250244140625,0.009205450509053753
2025-07-16,995.6722412109375,998.1500244140625,1011.3499755859375,996.2999877929688,1009.0,17994612,-0.010753196814606045,998.3785661969866,1013.5499877929688,794.0250244140625,0.007803157398669327
2025-07-17,990.98388671875,993.4500122070312,1002.4000244140625,991.3499755859375,1002.0,22529158,-0.00853292194907061,997.3428519112723,1013.5499877929688,794.0250244140625,0.008004585983143669
2025-07-18,976.2705078125,978.7000122070312,998.5,976.5,993.4500122070312,16129446,-0.014847249301685203,993.5,1013.5499877929688,794.0250244140625,0.008696669734198767
2025-07-21,997.7670288085938,1000.25,1001.0,988.25,989.0999755859375,22309078,0.011272899291557748,993.0928606305804,1013.5499877929688,794.0250244140625,0.009341934226193541
2025-07-22,1001.058837890625,1003.5499877929688,1009.0,1001.5,1006.5499877929688,14836814,-0.002980477906097846,994.7642909458706,1013.5499877929688,794.0250244140625,0.008348970158527471
2025-07-23,1009.6375122070312,1012.1500244140625,1014.9000244140625,1001.5,1005.5,13634916,0.0066136493426777725,997.7142944335938,1014.9000244140625,794.0250244140625,0.008549428361590847
2025-07-24,1004.5999755859375,1007.0999755859375,1018.8499755859375,1004.2000122070312,1018.8499755859375,19107176,-0.011532610572270575,999.0500052315848,1018.8499755859375,794.0250244140625,0.009035622700494756
2025-07-25,1002.2999877929688,1002.2999877929688,1007.5,999.5,1007.5,9306598,-0.005161302438740694,999.6428571428571,1018.8499755859375,794.0250244140625,0.009093294786866954
2025-07-28,1004.25,1004.25,1010.7000122070312,1000.25,1001.5,12059580,0.0027458811782326512,1001.1857125418527,1018.8499755859375,796.5,0.008289406843055167
2025-07-29,1010.7999877929688,1010.7999877929688,1013.25,998.1500244140625,999.9500122070312,19895696,0.010850517979383857,1005.7714233398438,1018.8499755859375,796.6500244140625,0.008947790195334065
2025-07-30,1012.9000244140625,1012.9000244140625,1016.2999877929688,1008.5,1014.0,15154036,-0.0010847885462894476,1007.5785696847098,1018.8499755859375,796.6500244140625,0.008899961218092065
2025-07-31,1009.0999755859375,1009.0999755859375,1015.7000122070312,1004.0,1007.2999877929688,22183032,0.001786943129933506,1008.3714250837054,1018.8499755859375,796.6500244140625,0.008772596344368312
2025-08-01,1006.0999755859375,1006.0999755859375,1014.1500244140625,1004.6500244140625,1007.0,11317258,-0.0008937680377979146,1007.5071323939732,1018.8499755859375,796.6500244140625,0.008770127763974643
2025-08-04,996.0,996.0,1009.25,994.0499877929688,1005.0499877929688,13933946,-0.009004515101623946,1005.9214215959821,1018.8499755859375,796.6500244140625,0.008268472158130735
2025-08-05,988.7999877929688,988.7999877929688,997.2000122070312,982.75,993.25,23978058,-0.004480253920997986,1003.9928501674107,1018.8499755859375,796.6500244140625,0.00793559146265705
2025-08-06,992.6500244140625,992.6500244140625,994.0,985.0,985.5499877929688,14080204,0.007204136481188036,1002.335710797991,1018.8499755859375,796.6500244140625,0.008023127391194136
2025-08-07,997.7000122070312,997.7000122070312,1000.7999877929688,988.4000244140625,990.0499877929688,13081186,0.0077269072353771005,1000.4642857142857,1018.8499755859375,796.6500244140625,0.007180925038810006
2025-08-08,986.9500122070312,986.9500122070312,996.4000244140625,985.0,993.5499877929688,13895264,-0.0066428218680757226,996.7571411132812,1018.8499755859375,800.5750122070312,0.006781819174701706
2025-08-11,997.7999877929688,997.7999877929688,998.7999877929688,986.5499877929688,987.9500122070312,9105854,0.009970115354250712,995.1428571428571,1018.8499755859375,800.5750122070312,0.007261211877558522
2025-08-12,984.9500122070312,984.9500122070312,998.0,983.75,995.9500122070312,12937802,-0.01104473102583124,992.1214338030134,1018.8499755859375,800.5750122070312,0.007655209424283964
2025-08-13,990.1500244140625,990.1500244140625,997.0,984.5499877929688,997.0,13577396,-0.006870587347981444,991.2857230050223,1018.8499755859375,800.5750122070312,0.007236911765245626
2025-08-14,995.5499877929688,995.5499877929688,998.0,985.5999755859375,989.0,17511716,0.006622839022213094,992.2500087193081,1018.8499755859375,800.5750122070312,0.007319087431167788
2025-08-18,1001.7999877929688,1001.7999877929688,1013.2999877929688,997.7999877929688,1005.0,19284796,-0.003184091748289801,993.557146344866,1018.8499755859375,801.5999755859375,0.007350131577571946
2025-08-19,995.5499877929688,995.5499877929688,1003.0499877929688,993.3499755859375,999.1500244140625,12352438,-0.0036030991674197684,993.25,1018.8499755859375,805.5,0.00670601362624579
2025-08-20,994.0999755859375,994.0999755859375,996.0,989.5,993.5,9950228,0.0006039009420608959,994.2714233398438,1018.8499755859375,806.5,0.006718851151225808
2025-08-21,995.5999755859375,995.5999755859375,998.75,991.5999755859375,998.75,12439850,-0.0031539668726533166,993.9571358816964,1018.8499755859375,806.5,0.0066997918536785975
2025-08-22,982.2999877929688,982.2999877929688,998.0,978.5499877929688,994.9500122070312,19833502,-0.012714231126046015,993.5785609654018,1018.8499755859375,806.5,0.007370010868511759
2025-08-25,982.0499877929688,982.0499877929688,988.7000122070312,978.5,980.0999755859375,17518044,0.0019896054031278447,992.4214128766741,1018.8499755859375,806.5,0.007153470078338604
2025-08-26,973.4000244140625,973.4000244140625,985.7000122070312,968.0,979.5,16917731,-0.0062276422521056665,989.2571323939732,1018.8499755859375,806.5,0.007228910904923651
2025-08-28,957.7999877929688,957.7999877929688,972.2000122070312,955.0,967.0,25438255,-0.009513973326816184,982.971418108259,1018.8499755859375,806.5,0.007081092972521489
2025-08-29,951.5999755859375,951.5999755859375,963.2999877929688,950.0999755859375,954.0,14823813,-0.0025157488617007337,976.6928449358259,1018.8499755859375,806.5,0.006434504020546391
2025-09-01,950.5999755859375,950.5999755859375,957.4500122070312,946.3499755859375,949.5999755859375,20178344,0.0010530750060128886,970.4785592215402,1018.8499755859375,806.5,0.0064562080365713715
2025-09-02,944.5,944.5,954.7999877929688,944.0,951.0,14196320,-0.006834910620399579,963.1785627092634,1018.8499755859375,806.5,0.005380696514719781
2025-09-03,954.4500122070312,954.4500122070312,956.2999877929688,940.0,945.0,16083481,0.010000012917493386,959.1999947684152,1018.8499755859375,806.5,0.006134951545156981
2025-09-04,961.25,961.25,965.7000122070312,956.25,960.2000122070312,17597657,0.0010935094559677628,956.2285679408482,1018.8499755859375,806.5,0.006062679757768862
2025-09-05,963.4000244140625,963.4000244140625,967.5,954.0499877929688,967.5,11602111,-0.004237700864018088,954.7999965122768,1018.8499755859375,806.5,0.0055647523118658865
2025-09-08,966.0,966.0,973.1500244140625,960.4500122070312,969.0,11711307,-0.0030959752321981426,955.9714268275669,1018.8499755859375,806.5,0.00556416419642825
2025-09-09,965.1500244140625,965.1500244140625,974.4000244140625,962.7000122070312,974.0,13985539,-0.009086217234022073,957.9071480887277,1018.8499755859375,806.5,0.005823052755708466
2025-09-10,965.9000244140625,965.9000244140625,973.9000244140625,961.7000122070312,973.9000244140625,18091100,-0.00821439552259291,960.0928693498884,1018.8499755859375,806.5,0.005874613269860544
2025-09-11,967.7999877929688,967.7999877929688,969.25,959.9000244140625,960.2999877929688,15113633,0.007810059455730126,963.4214390345982,1018.8499755859375,806.5,0.006631545565581403
2025-09-12,967.2999877929688,967.2999877929688,970.75,962.25,969.9000244140625,14363519,-0.002680726420915896,965.2571498325893,1018.8499755859375,806.5,0.006000596960895071
2025-09-15,967.0499877929688,967.0499877929688,972.3499755859375,965.0,969.5999755859375,14486377,-0.0026299379715101277,966.0857195172991,1018.8499755859375,806.5,0.005879721241823036
2025-09-16,966.8499755859375,966.8499755859375,969.3499755859375,961.2000122070312,961.2000122070312,18661794,0.005878030906318085,966.5785696847098,1018.8499755859375,806.5,0.006173095112654342
2025-09-17,966.5,966.5,974.4000244140625,964.3499755859375,965.1500244140625,17361476,0.001398720977867729,966.6499982561384,1018.8499755859375,806.5,0.005778898821305017
2025-09-18,976.9000244140625,976.9000244140625,979.6500244140625,969.25,973.2999877929688,17791598,0.0036987944788298057,968.3285696847098,1018.8499755859375,806.5,0.005879860904537623
2025-09-19,966.9000244140625,966.9000244140625,976.7000122070312,962.0999755859375,974.9000244140625,31243267,-0.008205969637561743,968.4714268275669,1018.8499755859375,806.5,0.006212992092430144
2025-09-22,964.2000122070312,964.2000122070312,971.2000122070312,961.9500122070312,964.0,10854415,0.00020748154256353734,967.9571446010044,1018.8499755859375,806.5,0.005992297853672002
2025-09-23,957.2000122070312,957.2000122070312,968.2000122070312,955.5,967.0,21022298,-0.010134423777630559,966.5142909458706,1018.8499755859375,806.5,0.0056660454746627195
2025-09-24,951.0499877929688,951.0499877929688,956.4500122070312,943.0,952.2000122070312,15117220,-0.0012077550927529887,964.2285766601562,1018.8499755859375,806.5,0.005601971948378905
2025-09-25,949.8499755859375,949.8499755859375,958.0,947.4000244140625,952.5,31413279,-0.0027821778625328085,961.8000052315848,1018.8499755859375,806.5,0.0055742551839318396
2025-09-26,945.0499877929688,945.0499877929688,951.4500122070312,941.2999877929688,945.0999755859375,14874656,-5.2891539794780826e-05,958.7357177734375,1018.8499755859375,806.5,0.005590671174906607
2025-09-29,950.2999877929688,950.2999877929688,956.7999877929688,939.0999755859375,946.0499877929688,32398179,0.004492363040894684,954.9357125418527,1018.8499755859375,806.5,0.005415167075987622
2025-09-30,951.0,951.0,960.0,946.2999877929688,958.0499877929688,28296687,-0.007358684706222477,952.6642804827009,1018.8499755859375,806.5,0.005330267080768474
2025-10-01,965.25,965.25,969.5999755859375,946.0,952.7000122070312,25350832,0.013173074033971475,952.8142787388393,1018.8499755859375,806.5,0.006131214137496799
2025-10-03,965.1500244140625,965.1500244140625,966.75,952.0,952.0,26658296,0.013813050855107667,953.9499947684152,1018.8499755859375,806.5,0.007165590771024734
2025-10-06,973.4500122070312,973.4500122070312,977.4000244140625,962.0,971.9000244140625,18542683,0.001594801681277047,957.1499982561384,1018.8499755859375,806.5,0.007101656058976737
2025-10-07,982.5,982.5,989.8499755859375,971.0,974.0,25535736,0.008726899383983572,961.8142874581473,1018.8499755859375,806.5,0.007289383521134509
2025-10-08,978.7000122070312,978.7000122070312,985.9000244140625,974.5499877929688,976.0,15939710,0.0027664059498271,966.6214338030134,1018.8499755859375,806.5,0.0073008267561795554
2025-10-09,977.0999755859375,977.0999755859375,979.0,970.1500244140625,974.5,15370950,0.0026680098367752696,970.4500034877232,1018.8499755859375,806.5,0.007280355321093714
2025-10-10,980.9000244140625,980.9000244140625,986.2000122070312,978.0999755859375,979.0,13757080,0.0019407808110955057,974.721435546875,1018.8499755859375,811.0,0.006750863539114718
2025-10-13,977.0,977.0,981.0,972.0,974.2999877929688,18634254,0.002771232927085884,976.4000069754464,1018.8499755859375,812.1500244140625,0.006733568671993637
2025-10-14,977.1500244140625,977.1500244140625,980.4500122070312,967.0,970.0,22934382,0.007371159189755155,978.1142926897321,1018.8499755859375,812.1500244140625,0.005838333707437554
2025-10-15,978.25,978.25,984.9000244140625,973.3499755859375,975.0,23310447,0.0033333333333333335,978.8000052315848,1018.8499755859375,812.1500244140625,0.005685438408354958
2025-10-16,994.3499755859375,994.3499755859375,996.5999755859375,981.5,982.6500244140625,22936566,0.011906529162151583,980.4928588867188,1018.8499755859375,812.1500244140625,0.005742905568302742
2025-10-17,1002.5499877929688,1002.5499877929688,1009.0,986.0,993.9500122070312,25210511,0.008652322028591312,983.8999982561384,1018.8499755859375,812.1500244140625,0.005647984870116808
2025-10-20,1002.9500122070312,1002.9500122070312,1020.0,997.0,997.0,22195202,0.005967915954895938,987.5928606305804,1020.0,812.1500244140625,0.005643149475011292
2025-10-21,1007.7000122070312,1007.7000122070312,1010.0,1004.0,1006.0,3471600,0.0016898729692159543,991.4214303152902,1020.0,812.1500244140625,0.004445285072217935
2025-10-23,1008.7999877929688,1008.7999877929688,1020.5,1006.0,1016.0,43526526,-0.007086626188022884,995.9642857142857,1020.5,812.1500244140625,0.0052201589222644115
2025-10-24,994.75,994.75,1011.9500122070312,991.2999877929688,1011.0,17707768,-0.016073194856577645,998.4785679408482,1020.5,812.1500244140625,0.007017984565627481
2025-10-27,1002.9500122070312,1002.9500122070312,1009.0499877929688,996.2000122070312,996.5,15700796,0.0064726665399209736,1002.0071411132812,1020.5,812.1500244140625,0.007085650879038031
2025-10-28,1003.5499877929688,1003.5499877929688,1008.0,995.0,997.6500244140625,33904289,0.005913860807422325,1003.3214285714286,1020.5,812.1500244140625,0.006947346309373803
2025-10-29,1007.8499755859375,1007.8499755859375,1012.5,1000.0,1004.9000244140625,17769445,0.002935566822774294,1004.0785696847098,1020.5,812.1500244140625,0.006947551662050903
2025-10-30,998.1500244140625,998.1500244140625,1009.5,997.0999755859375,1000.0,19962917,-0.0018499755859375,1003.3928571428571,1020.5,812.1500244140625,0.007055612053566557
2025-10-31,987.2999877929688,987.2999877929688,1004.4500122070312,981.1500244140625,994.0,23221330,-0.006740454936651157,1000.4785679408482,1020.5,812.1500244140625,0.007470680702398174
2025-11-03,992.6500244140625,992.6500244140625,994.5499877929688,983.2999877929688,985.0,16607180,0.0077665222477791875,998.1714303152902,1020.5,812.1500244140625,0.007637820044963558
2025-11-04,985.25,985.25,997.0,983.7000122070312,987.0,20024544,-0.0017730496453900709,996.8142874581473,1020.5,812.1500244140625,0.007548496506985903
2025-11-06,984.6500244140625,984.6500244140625,991.0499877929688,974.0,981.0,22279516,0.0037207180571483182,994.2000034877232,1020.5,812.1500244140625,0.007556407225598733
2025-11-07,982.2999877929688,982.2999877929688,984.9000244140625,974.75,980.0,15004568,0.0023469263193558673,991.164289202009,1020.5,812.1500244140625,0.00695519238717735
2025-11-10,984.5,984.5,990.9500122070312,980.2000122070312,982.2999877929688,15988262,0.002239654112155938,987.8285784040179,1020.5,812.1500244140625,0.0066043585447792775
2025-11-11,991.7000122070312,991.7000122070312,993.5,978.0,983.5,10200530,0.008337582315232588,986.9071480887277,1020.5,812.1500244140625,0.006786038633457762
2025-11-12,989.5,989.5,999.0,987.7000122070312,998.7999877929688,13137263,-0.009311161300190616,987.221435546875,1020.5,812.1500244140625,0.007265658408010009
2025-11-13,986.6500244140625,986.6500244140625,990.0999755859375,982.5999755859375,984.0,14124839,0.002693114241933435,986.3642926897321,1020.5,812.1500244140625,0.007020851370214454
2025-11-14,989.5999755859375,989.5999755859375,991.6500244140625,976.0499877929688,976.0499877929688,21386965,0.013882473195463894,986.9857177734375,1020.5,812.1500244140625,0.006092234562884685
2025-11-17,996.5499877929688,996.5499877929688,997.9500122070312,985.5999755859375,991.25,18396408,0.005346772048392181,988.6857125418527,1020.5,812.1500244140625,0.006044664264290336
2025-11-18,992.4500122070312,992.4500122070312,999.0,990.0,997.6500244140625,20002640,-0.005212260892877048,990.1357160295759,1020.5,812.1500244140625,0.006292756565154188
2025-11-19,994.5999755859375,994.5999755859375,996.5499877929688,984.0,990.0,19813847,0.004646439985795454,991.5785696847098,1020.5,812.1500244140625,0.006334203014505798
2025-11-20,1008.8499755859375,1008.8499755859375,1011.5999755859375,992.4500122070312,995.2999877929688,19850865,0.013613973635240582,994.028564453125,1020.5,812.1500244140625,0.006954693553313019
2025-11-21,998.0499877929688,998.0499877929688,1008.2999877929688,996.5499877929688,1003.0999755859375,17499897,-0.005034381333743844,995.2499912806919,1020.5,812.1500244140625,0.006784347004408714
2025-11-24,999.1500244140625,999.1500244140625,1011.4500122070312,993.5999755859375,1000.0,32204053,-0.0008499755859375,997.0357055664062,1020.5,812.1500244140625,0.006718002380980762
2025-11-25,989.7999877929688,989.7999877929688,1006.0999755859375,988.4000244140625,1004.0,24989383,-0.014143438453218377,997.0642787388393,1020.5,812.1500244140625,0.008009132875701921
2025-11-26,1003.9000244140625,1003.9000244140625,1006.9500122070312,981.2999877929688,981.2999877929688,19494356,0.023030711201702192,998.1142839704241,1020.5,812.1500244140625,0.009854267060196018
2025-11-27,1009.5,1009.5,1016.7999877929688,1001.0,1002.0999755859375,25536848,0.007384517108420878,1000.5499965122768,1020.5,812.1500244140625,0.009921491739980444
2025-11-28,1007.5999755859375,1007.5999755859375,1012.0499877929688,1004.2000122070312,1007.0,15988807,0.0005958049512785502,1002.4071393694196,1020.5,812.1500244140625,0.009945091073067422
2025-12-01,1002.0999755859375,1002.0999755859375,1017.5,999.2999877929688,1017.5,16746566,-0.015135159129299754,1001.442853655134,1020.5,812.1500244140625,0.010943193774851083
2025-12-02,989.7999877929688,989.7999877929688,994.4000244140625,985.0,988.0,27316662,0.0018218499928833501,1000.2642822265625,1020.5,812.1500244140625,0.01048939969906689
2025-12-03,1000.5,1000.5,1002.2999877929688,986.0,986.0,15448777,0.014705882352941176,1000.4571358816964,1020.5,812.1500244140625,0.011000159081395173
2025-12-04,997.2000122070312,997.2000122070312,1004.7000122070312,993.0,1000.0,14528169,-0.00279998779296875,1001.5142822265625,1020.5,812.1500244140625,0.010650754364607051
2025-12-05,1003.2999877929688,1003.2999877929688,1008.0,990.2000122070312,992.0,12843366,0.011391116726783014,1001.4285627092634,1020.5,812.1500244140625,0.010916146336116487
2025-12-08,1003.0999755859375,1003.0999755859375,1006.5,997.5,1000.0,12901022,0.0030999755859375,1000.5142735072544,1020.5,812.1500244140625,0.01069228539198122
2025-12-09,997.0999755859375,997.0999755859375,1002.7999877929688,994.0,994.9000244140625,15294322,0.0022112283826414033,999.0142735072544,1020.5,812.1500244140625,0.010683654840682021
2025-12-10,989.7999877929688,989.7999877929688,998.5,985.2999877929688,997.5,15322830,-0.007719310483239349,997.2571323939732,1020.5,812.1500244140625,0.010550762409917236
2025-12-11,1000.2999877929688,1000.2999877929688,1002.7000122070312,988.5,990.0,11844809,0.010404028073705808,998.7571323939732,1020.5,812.1500244140625,0.010641300412561597
2025-12-12,1001.5,1001.5,1004.7000122070312,998.2000122070312,1003.0,11988618,-0.0014955134596211367,998.8999895368304,1020.5,812.1500244140625,0.010657984077997635
2025-12-15,996.0999755859375,996.0999755859375,1001.7999877929688,992.0,992.0,9790060,0.004133039905178932,998.7428414481027,1020.5,812.1500244140625,0.00953863080572919
2025-12-16,994.2999877929688,994.2999877929688,998.7000122070312,990.0999755859375,990.0999755859375,20049088,0.004242008191693671,997.4571271623884,1020.5,812.1500244140625,0.0077645745381487745
2025-12-17,984.0,984.0,996.0,980.7999877929688,996.0,19080922,-0.012048192771084338,994.7285592215402,1020.5,812.1500244140625,0.008496931700631347
2025-12-18,979.7000122070312,979.7000122070312,987.4000244140625,973.2999877929688,973.2999877929688,14912404,0.006575592822696976,992.2428501674107,1020.5,812.1500244140625,0.008626651575790064
2025-12-19,985.5,985.5,988.0,978.7000122070312,987.0,25952384,-0.001519756838905775,991.6285661969866,1020.5,812.1500244140625,0.007283996182958802
2025-12-22,987.7000122070312,987.7000122070312,992.9000244140625,983.9000244140625,988.0,13540411,-0.0003036313694015688,989.8285696847098,1020.5,812.1500244140625,0.00731808555621152
2025-12-23,996.5999755859375,996.5999755859375,998.9000244140625,987.7000122070312,990.5,17927849,0.006158481156928319,989.1285661969866,1020.5,812.1500244140625,0.006506531172111313
2025-12-24,997.2000122070312,997.2000122070312,999.4000244140625,993.0,993.0,13699996,0.0042296195438381165,989.2857142857143,1020.5,812.1500244140625,0.006411833296432233
2025-12-26,992.0999755859375,992.0999755859375,997.2000122070312,987.7000122070312,996.0,9360853,-0.003915687162713353,988.9714268275669,1020.5,812.1500244140625,0.005996720847599569
2025-12-29,991.7000122070312,991.7000122070312,997.4000244140625,987.2000122070312,993.0999755859375,13545749,-0.001409690276228493,990.0714285714286,1020.5,812.1500244140625,0.005996576438959042
2025-12-30,990.9000244140625,990.9000244140625,995.0,982.2000122070312,990.2000122070312,33155849,0.0007069402124839514,991.6714303152902,1020.5,812.1500244140625,0.0059805150401424
2025-12-31,991.2000122070312,991.2000122070312,997.5999755859375,987.5999755859375,991.0,10963454,0.0002018286650163976,992.4857177734375,1020.5,812.1500244140625,0.0054901370819862546
2026-01-01,991.1500244140625,991.1500244140625,997.5499877929688,989.5,993.5,7132074,-0.002365350363298943,992.9785766601562,1020.5,812.1500244140625,0.004856854786370557
2026-01-02,1001.5999755859375,1001.5999755859375,1003.2000122070312,988.7999877929688,991.1500244140625,11751459,0.010543258754448087,993.6928623744419,1020.5,812.1500244140625,0.005545221445322425
2026-01-05,977.5,977.5,1006.4000244140625,976.2999877929688,1005.75,27647379,-0.0280884911757395,990.8785749162946,1020.5,812.1500244140625,0.009476948762070232
2026-01-06,962.2000122070312,962.2000122070312,966.7000122070312,956.0,962.7000122070312,31988783,-0.0005193725913160928,986.6071515764509,1020.5,812.1500244140625,0.009350690584324407
2026-01-07,949.0499877929688,949.0499877929688,956.4500122070312,946.0,956.0,52884712,-0.007269887245848588,980.5142909458706,1020.5,812.1500244140625,0.009019516205450566
2026-01-08,946.7000122070312,946.7000122070312,953.0,941.4000244140625,944.7000122070312,21928849,0.002117074176094855,974.2000034877232,1020.5,812.1500244140625,0.008799400343164131
2026-01-09,939.0,939.0,950.5999755859375,933.2999877929688,945.0,38183839,-0.006349206349206349,966.7428588867188,1020.5,812.1500244140625,0.008893088762364696
2026-01-12,936.9500122070312,936.9500122070312,942.0,929.5999755859375,937.5,21071666,-0.0005866536458333333,959.0,1020.5,812.1500244140625,0.008889560451691685
2026-01-13,937.3499755859375,937.3499755859375,947.7000122070312,932.5999755859375,947.7000122070312,32042827,-0.010921216089245673,949.8214285714286,1020.5,812.1500244140625,0.008871089822646444
2026-01-14,925.4500122070312,925.4500122070312,940.0499877929688,920.2000122070312,930.0,36688248,-0.004892459992439516,942.3857160295759,1020.5,812.1500244140625,0.008621535215745699
2026-01-15,925.4500122070312,925.4500122070312,925.4500122070312,925.4500122070312,925.4500122070312,0,0.0,937.1357160295759,1020.5,812.1500244140625,0.008679686288125469
2026-01-16,931.0999755859375,931.0999755859375,935.9500122070312,919.2000122070312,922.0,37780235,0.009869821676721801,934.5714285714286,1020.5,812.7249755859375,0.009382498995120378
2026-01-19,927.9000244140625,927.9000244140625,936.1500244140625,919.5,935.9000244140625,38191942,-0.008547921563532972,931.8857160295759,1020.5,812.7249755859375,0.009451110102685453
2026-01-20,931.2000122070312,931.2000122070312,934.5,919.5999755859375,929.2999877929688,36022727,0.0020445759593465,930.7714320591518,1020.5,812.7249755859375,0.009516886257550986
2026-01-21,920.3499755859375,920.3499755859375,932.1500244140625,915.5,925.0,32766854,-0.005027053420608108,928.3999982561384,1020.5,812.7249755859375,0.009525257897457057
2026-01-22,918.7000122070312,918.7000122070312,928.2999877929688,913.2000122070312,928.0,44444755,-0.010021538570009429,925.7357177734375,1020.5,812.7249755859375,0.008764607582729523
2026-01-23,916.0999755859375,916.0999755859375,926.0999755859375,909.25,920.0,30985247,-0.004239156971807065,924.3999982561384,1020.5,812.7249755859375,0.005679600637745355
2026-01-27,926.4000244140625,926.4000244140625,931.2000122070312,905.0,906.0,44753093,0.02251658323847958,924.5357142857143,1020.5,812.7249755859375,0.00891887036090092
2026-01-28,932.7000122070312,932.7000122070312,941.4500122070312,928.4000244140625,932.5,35347138,0.0002144903024463807,924.7642909458706,1020.5,813.0,0.00877091459804179
2026-01-29,935.5,935.5,939.2999877929688,924.3499755859375,930.0999755859375,37175628,0.005805853731649259,925.8500017438616,1020.5,813.0,0.008925393177511655
2026-01-30,929.25,929.25,938.9000244140625,927.75,930.0,29691233,-0.0008064516129032258,925.5714285714286,1020.5,813.0,0.008778391741899096
2026-02-02,928.0999755859375,928.0999755859375,929.7999877929688,909.2999877929688,915.0,28032106,0.014316913208674863,926.6785714285714,1020.5,823.5,0.009608975661858222
2026-02-03,948.7000122070312,948.7000122070312,994.0,945.0,983.75,50336968,-0.03562895836642312,930.9642857142857,1020.5,830.5499877929688,0.013425765963147266
2026-02-04,953.0999755859375,953.0999755859375,957.2000122070312,947.9500122070312,952.5,24366770,0.0006298956282808399,936.25,1020.5,830.5499877929688,0.01338456156893654
2026-02-05,949.7000122070312,949.7000122070312,956.0499877929688,946.7000122070312,956.0,28103169,-0.006589945390134676,939.5785696847098,1020.5,830.5499877929688,0.01347612303653797
2026-02-06,941.0999755859375,941.0999755859375,948.0999755859375,937.5999755859375,945.0,18120272,-0.0041270099619709,940.778564453125,1020.5,830.5499877929688,0.013113654009085318
2026-02-09,937.25,937.25,950.0,935.3499755859375,945.0,23947829,-0.0082010582010582,941.028564453125,1020.5,830.5499877929688,0.013100864808066546
2026-02-10,932.4000244140625,932.4000244140625,940.9000244140625,929.9500122070312,930.0,31525385,0.00258067141297043,941.4785679408482,1020.5,830.5499877929688,0.013114622547394223
2026-02-11,927.0999755859375,927.0999755859375,936.0,925.2999877929688,931.25,24869804,-0.004456402055369128,941.335710797991,1020.5,830.5499877929688,0.013105512159564958
2026-02-12,920.5999755859375,920.5999755859375,928.5999755859375,918.5,927.0,33872203,-0.006904017706647788,937.3214198521206,1020.5,830.5499877929688,0.012984667461736049
2026-02-13,903.9000244140625,903.9000244140625,928.2000122070312,901.0,913.0,50188359,-0.009967114551957831,930.2928553989956,1020.5,830.5499877929688,0.013157285826648442
2026-02-16,925.7999877929688,925.7999877929688,929.5,902.0999755859375,903.9000244140625,18806989,0.024228302674405303,926.8785661969866,1020.5,830.5499877929688,0.013410030017036926
2026-02-17,925.7000122070312,925.7000122070312,928.0999755859375,918.5999755859375,923.0,22599629,0.0029252569957001627,924.6785714285714,1020.5,830.5499877929688,0.013464927311100404
2026-02-18,924.7000122070312,924.7000122070312,925.5,919.5499877929688,923.2000122070312,12738702,0.0016247833407346394,922.8857160295759,1020.5,830.5499877929688,0.01332722254285225
2026-02-19,915.5999755859375,915.5999755859375,929.2000122070312,912.4500122070312,929.0,21209234,-0.014424138228269644,920.4857090541294,1020.5,830.5499877929688,0.0137114816579069
2026-02-20,911.8499755859375,911.8499755859375,917.8499755859375,908.4000244140625,911.0,22654907,0.0009330138155186609,918.3071376255581,1020.5,830.5499877929688,0.012839390824806321
2026-02-23,923.5999755859375,923.5999755859375,925.6500244140625,915.25,916.5,23270122,0.007746836427645936,918.7357090541294,1020.5,830.5499877929688,0.009424956780388096
2026-02-24,910.5,910.5,927.9500122070312,909.1500244140625,927.9500122070312,31313985,-0.01880490541244591,919.6785627092634,1020.5,830.5499877929688,0.010532600191801163
2026-02-25,907.5999755859375,907.5999755859375,916.0,903.0999755859375,910.5499877929688,27884303,-0.0032398135704571475,917.0785609654018,1020.5,830.5499877929688,0.010467653557882107
2026-02-26,898.5999755859375,898.5999755859375,912.0,895.0,912.0,41165937,-0.014693009225945724,913.2071271623884,1020.5,830.5499877929688,0.010989151883028684
2026-02-27,887.75,887.75,898.9500122070312,885.0,898.5999755859375,34620755,-0.012074311017939555,907.9285539899554,1020.5,830.5499877929688,0.011179877552294354
2026-03-02,879.4000244140625,879.4000244140625,887.75,871.5499877929688,876.2000122070312,38378924,0.0036521480968378954,902.7571323939732,1020.5,830.5499877929688,0.011225922121016222
2026-03-04,868.6500244140625,868.6500244140625,879.2999877929688,848.0,848.0,39862322,0.024351443884507665,896.585710797991,1020.5,835.0250244140625,0.013390469756019083
2026-03-05,877.75,877.75,881.4000244140625,863.5,873.8499755859375,31324582,0.004463036588686107,890.0357142857143,1020.5,835.0250244140625,0.01335251964617858
2026-03-06,857.0499877929688,857.0499877929688,871.7000122070312,855.0999755859375,868.0499877929688,34439647,-0.012672081279521331,882.3999982561384,1020.5,835.0250244140625,0.013522675862963249
2026-03-09,840.7000122070312,840.7000122070312,842.4500122070312,821.5,825.0,35592613,0.019030317826704547,872.8428606305804,1020.5,821.5,0.012848182183008145
2026-03-10,849.4500122070312,849.4500122070312,856.7999877929688,840.5999755859375,850.0499877929688,52866024,-0.0007058121222908895,865.8214372907366,1020.5,821.5,0.012803798767185574
2026-03-11,833.9500122070312,833.9500122070312,848.8499755859375,827.5999755859375,845.0,42261076,-0.01307690863073225,858.135724748884,1020.5,821.5,0.013164642830863974
2026-03-12,832.75,832.75,836.4000244140625,820.0999755859375,820.0999755859375,46107561,0.01542497840586378,851.471435546875,1020.5,820.0999755859375,0.013430986998359361
2026-03-13,817.0,817.0,823.7999877929688,812.0,820.0,41700464,-0.003658536585365854,844.0928606305804,1020.5,812.0,0.013463102116788549
2026-03-16,840.5999755859375,840.5999755859375,844.5,815.6500244140625,817.0,52182605,0.028886139028075276,838.7857142857143,1020.5,812.0,0.015471182539984616
2026-03-17,845.3499755859375,845.3499755859375,848.9000244140625,835.0999755859375,847.7000122070312,38826979,-0.0027722503093698288,837.1142839704241,1020.5,812.0,0.014434680669540557
2026-03-18,843.0499877929688,843.0499877929688,846.7999877929688,831.5999755859375,845.3499755859375,23507063,-0.0027207521847676867,837.4499947684152,1020.5,812.0,0.01441987466121791
2026-03-19,798.2000122070312,798.2000122070312,815.6500244140625,770.0,770.0,171637393,0.03662339247666396,830.1285661969866,1020.5,770.0,0.016160997066294258
2026-03-20,780.4500122070312,780.4500122070312,793.75,778.2000122070312,785.0,103129469,-0.005796162793590764,822.4857090541294,1020.5,770.0,0.015699808256254638
2026-03-23,744.1500244140625,744.1500244140625,768.7000122070312,741.0499877929688,763.1500244140625,72341738,-0.024896808480859282,809.8285696847098,1020.5,741.0499877929688,0.01781063161661723
2026-03-24,764.9000244140625,764.9000244140625,772.75,747.7000122070312,755.0,61269986,0.013112615117963576,802.3857160295759,1020.5,741.0499877929688,0.017083689863552454
2026-03-25,782.2999877929688,782.2999877929688,794.7999877929688,768.2000122070312,768.2000122070312,59230640,0.01835456308498148,794.057146344866,1020.5,741.0499877929688,0.01753146858259219
2026-03-27,756.2000122070312,756.2000122070312,774.9000244140625,754.5499877929688,773.2000122070312,65485199,-0.02198654905795332,781.3214372907366,1020.5,741.0499877929688,0.01839497994687266
2026-03-30,741.4500122070312,741.4500122070312,751.0,738.2999877929688,745.2000122070312,36927742,-0.005032206036730681,766.8071550641741,1020.5,738.2999877929688,0.018001210798361506
